,id,id_cidade,lat,lon
0,70002,5300108,-15.7908403078715,-47.87965647379557
1,70003,5300108,-15.7906494140625,-47.88063430786133
2,70037,5300108,-15.805815696716309,-47.882789611816406
3,70040,5300108,-15.791918814182281,-47.884854674339294
4,70041,5300108,-15.78817594051361,-47.88176727294922
5,70042,5300108,-15.807534217834473,-47.86711502075195
6,70043,5300108,-15.807544708251953,-47.9025764465332
7,70044,5300108,-15.772597312927246,-47.890525817871094
8,70045,5300108,-15.788786888122559,-47.89335632324219
9,70046,5300108,-15.788786888122559,-47.89335632324219
10,70047,5300108,-15.788786888122559,-47.89335632324219
11,70048,5300108,-15.788786888122559,-47.89335632324219
12,70049,5300108,-15.79387092590332,-47.86841678619385
13,70050,5300108,-15.780257138338955,-47.862636219371446
14,70052,5300108,-15.780513763427734,-47.936431884765625
15,70053,5300108,-15.781241416931152,-47.8920955657959
16,70054,5300108,-15.788786888122559,-47.89335632324219
17,70055,5300108,-15.794251441955566,-47.870758056640625
18,70056,5300108,-15.788786888122559,-47.89335632324219
19,70057,5300108,-15.791106224060059,-47.879615783691406
20,70058,5300108,-15.788786888122559,-47.89335632324219
21,70059,5300108,-15.788786888122559,-47.89335632324219
22,70062,5300108,-15.788786888122559,-47.89335632324219
23,70064,5300108,-15.788786888122559,-47.89335632324219
24,70065,5300108,-15.788786888122559,-47.89335632324219
25,70067,5300108,-15.794732570648193,-47.880287170410156
26,70068,5300108,-15.788786888122559,-47.89335632324219
27,70070,5300108,-15.80051428155054,-47.88699345649043
28,70071,5300108,-15.790592765808105,-47.93433303833008
29,70072,5300108,-15.798332214355469,-47.8824348449707
30,70073,5300108,-15.798964182535807,-47.882408142089844
31,70074,5300108,-15.795126914978027,-47.89345932006836
32,70075,5300108,-15.785106658935547,-47.9080696105957
33,70076,5300108,-15.798332214355469,-47.8824348449707
34,70077,5300108,-15.786656856536865,-47.895633697509766
35,70078,5300108,-15.800599098205566,-47.88326644897461
36,70079,5300108,-15.801972389221191,-47.881370544433594
37,70083,5300108,-15.797645568847656,-47.86408233642578
38,70089,5300108,-15.81201171875,-47.91637992858887
39,70091,5300108,-15.784470558166504,-47.908050537109375
40,70092,5300108,-15.803814888000488,-47.88410949707031
41,70093,5300108,-15.81817626953125,-47.917259216308594
42,70094,5300108,-15.79049186706543,-47.892310333251956
43,70095,5300108,-15.807673136393229,-47.867173512776695
44,70097,5300108,-15.79880428314209,-47.87952423095703
45,70098,5300108,-15.799698829650879,-47.87946319580078
46,70100,5300108,-15.799496412277222,-47.86141490936279
47,70150,5300108,-15.801032447814942,-47.896969604492185
48,70160,5300108,-15.800668716430664,-47.86128234863281
49,70165,5300108,-15.800668716430664,-47.86128234863281
50,70170,5300108,-15.788786888122559,-47.89335632324219
51,70175,5300108,-15.79915714263916,-47.8626823425293
52,70200,5300108,-15.821935796737671,-47.89060411453247
53,70203,5300108,-15.823909759521484,-47.897708892822266
54,70210,5300108,-15.831602001190186,-47.91802736918132
55,70232,5300108,-15.804815928141275,-47.88736422856649
56,70233,5300108,-15.807861664715935,-47.889197405646826
57,70234,5300108,-15.808077460841128,-47.89141584697523
58,70235,5300108,-15.813280049492331,-47.89366351856905
59,70236,5300108,-15.808291541205513,-47.88508817884657
60,70237,5300108,-15.811343669891357,-47.88865940387432
61,70238,5300108,-15.81307563075313,-47.89096111721463
62,70239,5300108,-15.815324340547834,-47.89123780386789
63,70252,5300108,-15.814386155870226,-47.8954823811849
64,70253,5300108,-15.817402839660645,-47.89886452169979
65,70254,5300108,-15.81984190940857,-47.901130294799806
66,70255,5300108,-15.8185156754085,-47.89594595772879
67,70256,5300108,-15.818342669256802,-47.8963929538069
68,70257,5300108,-15.82231221375642,-47.899613274468315
69,70258,5300108,-15.824260895068829,-47.902313379141
70,70272,5300108,-15.821987937478458,-47.90435431985294
71,70273,5300108,-15.823706097073025,-47.906318452623154
72,70274,5300108,-15.825813293457031,-47.90949698055492
73,70275,5300108,-15.827064895629883,-47.911367607116695
74,70276,5300108,-15.826286315917969,-47.90521894182478
75,70277,5300108,-15.826847012837728,-47.907911427815755
76,70278,5300108,-15.83010881918448,-47.910488269947194
77,70292,5300108,-15.82955652475357,-47.914628744125366
78,70293,5300108,-15.831134852241068,-47.91686585370232
79,70294,5300108,-15.832659609177533,-47.919632631189685
80,70295,5300108,-15.83436754014757,-47.92175843980577
81,70296,5300108,-15.83107022885923,-47.91247134738498
82,70297,5300108,-15.832767062717014,-47.91532940334744
83,70298,5300108,-15.83557687486921,-47.91828891209194
84,70299,5300108,-15.837765502929688,-47.921037673950195
85,70300,5300108,-15.798116250471635,-47.89118749445135
86,70301,5300108,-15.798564910888672,-47.88615798950195
87,70302,5300108,-15.797293222867525,-47.89123564500075
88,70303,5300108,-15.80070605644813,-47.894419743464546
89,70304,5300108,-15.796881318092346,-47.890225410461426
90,70305,5300108,-15.795731761238791,-47.89089081504128
91,70306,5300108,-15.792596340179443,-47.8919038772583
92,70307,5300108,-15.796435356140137,-47.89016246795654
93,70308,5300108,-15.796494483947754,-47.891544342041016
94,70309,5300108,-15.798161506652832,-47.88662338256836
95,70310,5300108,-15.798625946044922,-47.88549041748047
96,70311,5300108,-15.795633316040039,-47.8869514465332
97,70312,5300108,-15.794155279795328,-47.8918342590332
98,70313,5300108,-15.796800804138183,-47.88962860107422
99,70314,5300108,-15.796358585357666,-47.89002799987793
100,70315,5300108,-15.795479774475098,-47.89175224304199
101,70316,5300108,-15.793771028518677,-47.89355802536011
102,70317,5300108,-15.797338485717773,-47.89157485961914
103,70318,5300108,-15.797338485717773,-47.89157485961914
104,70322,5300108,-15.797230469553094,-47.90152780633224
105,70323,5300108,-15.780645370483398,-47.88962173461914
106,70324,5300108,-15.797338485717773,-47.89157485961914
107,70325,5300108,-15.796066284179688,-47.89054870605469
108,70326,5300108,-15.796290397644043,-47.891117095947266
109,70327,5300108,-15.79607105255127,-47.891841888427734
110,70328,5300108,-15.796290397644043,-47.891117095947266
111,70329,5300108,-15.797338485717773,-47.89157485961914
112,70330,5300108,-15.801762651514125,-47.89171402542679
113,70331,5300108,-15.803850750128428,-47.89746061960856
114,70332,5300108,-15.797233581542969,-47.89400100708008
115,70333,5300108,-15.797338485717773,-47.89157485961914
116,70334,5300108,-15.805267333984375,-47.89396286010742
117,70335,5300108,-15.80069669087728,-47.8891970316569
118,70336,5300108,-15.804580337122866,-47.89326236122533
119,70337,5300108,-15.80666592541863,-47.89655550788431
120,70338,5300108,-15.800684452056885,-47.89353388006037
121,70340,5300108,-15.804261987859553,-47.902962077747695
122,70342,5300108,-15.806966613320743,-47.89331705429975
123,70343,5300108,-15.80722918510437,-47.895247268676755
124,70344,5300108,-15.812812075895422,-47.89893543019014
125,70345,5300108,-15.81363042195638,-47.899529774983726
126,70346,5300108,-15.814966466691759,-47.902024798923065
127,70347,5300108,-15.816369771957397,-47.903879737854005
128,70350,5300108,-15.807409385840097,-47.90174102783203
129,70351,5300108,-15.811802758110893,-47.90661892361111
130,70352,5300108,-15.808422406514486,-47.89814715915256
131,70353,5300108,-15.810851153205423,-47.90084547155044
132,70354,5300108,-15.812063641018337,-47.90270105997721
133,70355,5300108,-15.815714073181152,-47.9061996459961
134,70360,5300108,-15.814407444000244,-47.91049980163575
135,70361,5300108,-15.818076817494518,-47.915820283709834
136,70362,5300108,-15.815761619144016,-47.90749846564399
137,70363,5300108,-15.817744625939262,-47.91081407335069
138,70364,5300108,-15.820552402072483,-47.91358608669705
139,70365,5300108,-15.821573594037224,-47.91581344604492
140,70372,5300108,-15.818833264437588,-47.9055307561701
141,70373,5300108,-15.819920116000706,-47.90803443060981
142,70374,5300108,-15.821576847749597,-47.91105988446404
143,70375,5300108,-15.824461184049907,-47.91442027844881
144,70376,5300108,-15.826447486877441,-47.91700183644014
145,70377,5300108,-15.828187346458435,-47.91833519935608
146,70380,5300108,-15.822133008984553,-47.921552962151125
147,70381,5300108,-15.826455768785978,-47.926742352937396
148,70382,5300108,-15.82373121049669,-47.91865645514594
149,70383,5300108,-15.82664620248895,-47.92154472752621
150,70384,5300108,-15.827951484256321,-47.92334111531576
151,70385,5300108,-15.829954932717715,-47.92219363941866
152,70386,5300108,-15.831377082400852,-47.923851013183594
153,70387,5300108,-15.826786359151205,-47.92450491587321
154,70390,5300108,-15.81195331920277,-47.91433375965465
155,70391,5300108,-15.795173645019531,-47.884071350097656
156,70392,5300108,-15.795990943908691,-47.885040283203125
157,70393,5300108,-15.795775572458902,-47.890219370524086
158,70394,5300108,-15.796181678771973,-47.88506889343262
159,70395,5300108,-15.796134948730469,-47.89105224609375
160,70396,5300108,-15.798564910888672,-47.88615798950195
161,70397,5300108,-15.796134948730469,-47.89105224609375
162,70398,5300108,-15.797242164611816,-47.88642501831055
163,70399,5300108,-15.804651260375977,-47.898406982421875
164,70401,5300108,-15.807642936706543,-47.87608337402344
165,70402,5300108,-15.809637069702148,-47.87870788574219
166,70403,5300108,-15.80396842956543,-47.873619079589844
167,70404,5300108,-15.80562686920166,-47.874271392822266
168,70405,5300108,-15.806462287902832,-47.874122619628906
169,70406,5300108,-15.806462287902832,-47.874122619628906
170,70407,5300108,-15.810614585876465,-47.878753662109375
171,70408,5300108,-15.80936050415039,-47.875675201416016
172,70409,5300108,-15.81483268737793,-47.8780403137207
173,70410,5300108,-15.81552505493164,-47.87847137451172
174,70411,5300108,-15.81965446472168,-47.88764953613281
175,70412,5300108,-15.817461013793945,-47.88534927368164
176,70413,5300108,-15.817461013793945,-47.88534927368164
177,70415,5300108,-15.821331977844238,-47.886253356933594
178,70417,5300108,-15.82239055633545,-47.88873291015625
179,70418,5300108,-15.823349952697754,-47.88844680786133
180,70419,5300108,-15.822737693786621,-47.887821197509766
181,70420,5300108,-15.824470520019531,-47.88996505737305
182,70421,5300108,-15.826841354370117,-47.89523696899414
183,70422,5300108,-15.82321548461914,-47.89387130737305
184,70423,5300108,-15.825027465820312,-47.89345932006836
185,70424,5300108,-15.82811450958252,-47.89686965942383
186,70425,5300108,-15.830653190612793,-47.8964729309082
187,70426,5300108,-15.830876350402832,-47.8967170715332
188,70427,5300108,-15.830653190612793,-47.8964729309082
189,70428,5300108,-15.832221984863281,-47.89951705932617
190,70429,5300108,-15.833420753479004,-47.899436950683594
191,70430,5300108,-15.842589378356934,-47.91838455200195
192,70438,5300108,-15.804914474487305,-47.88071060180664
193,70443,5300108,-15.836644172668457,-47.906524658203125
194,70444,5300108,-15.809919357299805,-47.878562927246094
195,70448,5300108,-15.830653190612793,-47.8964729309082
196,70449,5300108,-15.797050476074219,-47.88654708862305
197,70450,5300108,-15.806842803955078,-47.87482833862305
198,70451,5300108,-15.810614585876465,-47.878753662109375
199,70452,5300108,-15.81965446472168,-47.88764953613281
200,70454,5300108,-15.798564910888672,-47.88615798950195
201,70458,5300108,-15.798606872558594,-47.886199951171875
202,70476,5300108,-15.806462287902832,-47.874122619628906
203,70479,5300108,-15.816398620605469,-47.885196685791016
204,70480,5300108,-15.817642211914062,-47.88654327392578
205,70602,5300108,-15.818450927734375,-48.09572982788086
206,70604,5300108,-15.793325424194336,-47.912742614746094
207,70610,5300108,-15.817127462533804,-47.944537294827974
208,70620,5300108,-15.779053861444647,-47.90244050459428
209,70630,5300108,-13.60903434753418,-51.04911148071289
210,70631,5300108,-15.82554456922743,-48.03863928053114
211,70632,5300108,-15.763345019022625,-47.93501688639323
212,70633,5300108,-15.738479614257812,-47.92315673828125
213,70634,5300108,-15.753430243461363,-47.9282959968813
214,70635,5300108,-15.71434920174735,-47.91134425571987
215,70636,5300108,-15.8369220665523,-47.932854652404785
216,70640,5300108,-15.789749740006087,-47.93998738078328
217,70645,5300108,-15.781394958496094,-47.934006745787876
218,70648,5300108,-15.789052606743073,-47.938734321950754
219,70650,5300108,-15.799602270126343,-47.942585967835925
220,70655,5300108,-15.796724912282583,-47.93405486441947
221,70658,5300108,-15.79565812140396,-47.93206519687298
222,70660,5300108,-15.8030553723945,-47.942880036400965
223,70670,5300108,-15.801185377020586,-47.922856581838495
224,70673,5300108,-15.798055022103446,-47.925649642944336
225,70675,5300108,-15.789576006185323,-47.92953029852262
226,70680,5300108,-15.796064183602926,-47.92391344456892
227,70683,5300108,-15.754845234385709,-47.910493449160924
228,70684,5300108,-15.77276736718637,-47.929619753802264
229,70686,5300108,-15.747345658449026,-47.91088269307063
230,70687,5300108,-15.757960789640185,-47.91774760501485
231,70688,5300108,-15.770768665876545,-47.95889332255379
232,70701,5300108,-15.787352442741394,-47.884475231170654
233,70702,5300108,-15.789649658203125,-47.88711013793945
234,70703,5300108,-15.789854049682617,-47.887354109022354
235,70704,5300108,-15.789527893066406,-47.887600580851235
236,70705,5300108,-15.791032903334674,-47.891920650706574
237,70710,5300108,-15.767054516336191,-47.87676935610564
238,70711,5300108,-15.79020470380783,-47.884763956069946
239,70712,5300108,-15.788085428873698,-47.88392715454101
240,70713,5300108,-15.787063280741373,-47.88561503092448
241,70714,5300108,-15.783021608988443,-47.888710021972656
242,70715,5300108,-15.807366847991943,-47.90849781036377
243,70716,5300108,-15.786699771881104,-47.89042663574219
244,70719,5300108,-15.778611103693644,-47.89058876037598
245,70720,5300108,-15.7765474319458,-47.889271680046534
246,70722,5300108,-15.781067721048991,-47.882782236735025
247,70723,5300108,-15.781741201877594,-47.8854444026947
248,70728,5300108,-15.795112609863281,-47.88909912109375
249,70729,5300108,-15.798771858215332,-47.8782958984375
250,70730,5300108,-15.771233989642216,-47.891134628882774
251,70732,5300108,-15.772464022916907,-47.88346391565659
252,70733,5300108,-15.77851512697008,-47.88295088873969
253,70734,5300108,-15.772188354940976,-47.883658689611096
254,70735,5300108,-15.779764627155505,-47.88524025364926
255,70736,5300108,-15.77553685506185,-47.88600107828776
256,70737,5300108,-15.773516941070557,-47.886540222167966
257,70738,5300108,-15.776775360107422,-47.88774871826172
258,70739,5300108,-15.753456115722656,-47.89415740966797
259,70740,5300108,-15.766002021986862,-47.89157604349071
260,70741,5300108,-15.75012853410509,-47.8979369269477
261,70742,5300108,-15.770305845472548,-47.884957207573784
262,70743,5300108,-15.766020901997884,-47.885145314534505
263,70744,5300108,-15.769399843717876,-47.88789186979595
264,70745,5300108,-15.764854060279,-47.88678974575467
265,70746,5300108,-15.769748634762234,-47.88819440205892
266,70747,5300108,-15.763980865478516,-47.888499365912544
267,70748,5300108,-15.76647663116455,-47.89284896850586
268,70750,5300108,-15.761001371300738,-47.893070884372875
269,70752,5300108,-15.75988433474586,-47.887969970703125
270,70753,5300108,-15.760086297988892,-47.89893016815186
271,70754,5300108,-15.755901729359346,-47.88943189733169
272,70755,5300108,-15.761529604593912,-47.88966687520345
273,70756,5300108,-15.757545263870902,-47.89070328422215
274,70757,5300108,-15.755964422225953,-47.89108409881592
275,70758,5300108,-15.772992134094238,-47.8856315612793
276,70759,5300108,-15.753456115722656,-47.89415740966797
277,70760,5300108,-15.751900430311236,-47.895868334853866
278,70761,5300108,-15.741195996602377,-47.90118153889974
279,70762,5300108,-15.750947952270508,-47.8896164364285
280,70763,5300108,-15.746192707734949,-47.88951447430779
281,70764,5300108,-15.749557124243843,-47.89183023240831
282,70765,5300108,-15.752058929867214,-47.8926027086046
283,70766,5300108,-15.748373126983642,-47.89317874908447
284,70767,5300108,-15.745126824629935,-47.894757521779916
285,70768,5300108,-15.749144554138184,-47.895286560058594
286,70769,5300108,-15.748093605041504,-47.89569854736328
287,70770,5300108,-15.749160216672577,-47.900016923890504
288,70772,5300108,-15.741344115313362,-47.8929245892693
289,70773,5300108,-15.739188367670232,-47.89380524375222
290,70774,5300108,-15.74267312100059,-47.894364607961556
291,70775,5300108,-15.738835620880128,-47.89692497253419
292,70790,5300108,-15.756921934425284,-47.894852139534215
293,70800,5300108,-15.785865803154147,-47.866874227718434
294,70801,5300108,-15.763782739639282,-47.96135997772217
295,70802,5300108,-15.814724365870157,-47.922667821248375
296,70803,5300108,-15.806982925959996,-47.89375972747803
297,70804,5300108,-15.801477739887853,-47.919982540991995
298,70818,5300108,-15.76814079284668,-47.85600662231445
299,70830,5300108,-15.769744522963897,-47.876498982876164
300,70832,5300108,-15.784004171689352,-47.8794059753418
301,70833,5300108,-15.778298097498277,-47.8787312227137
302,70834,5300108,-15.781697988510132,-47.87585081372942
303,70835,5300108,-15.780658111572265,-47.87750274658203
304,70836,5300108,-15.790046691894531,-47.884498596191406
305,70840,5300108,-15.771427631378174,-47.873741149902344
306,70842,5300108,-15.778959546770368,-47.896141052246094
307,70843,5300108,-15.771195146772596,-47.88014390733507
308,70844,5300108,-15.773433791266548,-47.891902923583984
309,70845,5300108,-15.774333953857422,-47.876216194846414
310,70846,5300108,-15.770824394226075,-47.87678527832031
311,70847,5300108,-15.765567660331726,-47.87851079305013
312,70850,5300108,-15.760770797729492,-47.87664286295573
313,70852,5300108,-15.766332838270399,-47.882111231486
314,70853,5300108,-15.762582979704204,-47.88168515657124
315,70854,5300108,-15.760773153866038,-47.88361470839556
316,70855,5300108,-15.764908225448043,-47.878119998508026
317,70856,5300108,-15.760529200236002,-47.879414876302086
318,70857,5300108,-15.76119556427002,-47.881804962158206
319,70860,5300108,-15.75191847483317,-47.87916946411133
320,70862,5300108,-15.756284766727024,-47.883746253119575
321,70863,5300108,-15.757029982174144,-47.88666085635914
322,70864,5300108,-15.755924224853516,-47.887412261962886
323,70865,5300108,-15.754676659901937,-47.88115564982096
324,70866,5300108,-15.751933784484864,-47.88194152832031
325,70867,5300108,-15.748642132200043,-47.88307992343245
326,70872,5300108,-15.745821447933421,-47.88739597096163
327,70873,5300108,-15.74364980061849,-47.887215084499786
328,70874,5300108,-15.741032319910387,-47.88863215726965
329,70875,5300108,-15.738243215224323,-47.889634525074676
330,70876,5300108,-15.747188850685403,-47.8852143464265
331,70877,5300108,-15.753692706425985,-47.887039502461754
332,70878,5300108,-15.754302787780762,-47.88948104858398
333,70879,5300108,-15.736547205183241,-47.886939154730904
334,70900,5300108,-15.76315689086914,-47.87063217163086
335,70904,5300108,-15.75921100118886,-47.87499187303626
336,70908,5300108,-15.765617847442627,-47.85751914978027
337,70909,5300108,-15.744193077087402,-47.877342224121094
338,70910,5300108,-15.768016624450684,-47.871681213378906
339,71009,5300108,-15.811863051520454,-47.99145274692111
340,71010,5300108,-15.815762454065784,-47.98510788226949
341,71015,5300108,-15.821730928048074,-47.983459131677726
342,71020,5300108,-15.818758676129002,-47.96447958484773
343,71025,5300108,-15.829805850982666,-47.97182893753052
344,71030,5300108,-15.812098503112793,-47.9946174621582
345,71050,5300108,-15.83480807100789,-47.97581627663602
346,71060,5300108,-15.834005226523189,-47.959689382779395
347,71065,5300108,-15.842558087043042,-47.97393151049344
348,71070,5300108,-15.821015076015307,-47.972600621762474
349,71071,5300108,-15.75757179476998,-47.95734721964056
350,71080,5300108,-15.846453931596544,-47.98443200853136
351,71081,5300108,-15.83417875766754,-47.98680334091187
352,71090,5300108,-15.83478884379069,-48.007820027669275
353,71095,5300108,-15.796637535095215,-48.001590728759766
354,71096,5300108,-15.810538291931152,-47.946319580078125
355,71100,5300108,-15.81253035315152,-47.991880009092135
356,71200,5300108,-15.80184921096353,-47.95850529390223
357,71201,5300108,-15.826690673828125,-47.92182159423828
358,71205,5300108,-15.80032730102539,-47.949476623535155
359,71208,5300108,-15.796409606933594,-47.949188232421875
360,71215,5300108,-15.822987590824162,-47.9554178392565
361,71218,5300108,-15.83264128367106,-47.95504887898763
362,71219,5300108,-15.832270622253418,-47.955413818359375
363,71225,5300108,-15.794142770767213,-47.98389358520508
364,71250,5300108,-15.787709764071874,-47.97444704600743
365,71255,5300108,-15.776088419827548,-47.973516013405536
366,71256,5300108,-15.734331120144237,-47.97311050241644
367,71258,5300108,-15.7438355833292,-47.92713898420334
368,71261,5300108,-15.730690505153449,-47.95766126647476
369,71262,5300108,-15.776447296142578,-47.990174293518066
370,71266,5300108,-15.76954520376105,-47.95988484432823
371,71300,5300108,-15.822468757629395,-48.06167475382487
372,71309,5300108,-15.794228553771973,-47.882164001464844
373,71503,5300108,-10.207527160644531,-55.41937597174393
374,71505,5300108,-15.727227680718721,-47.86779500477351
375,71507,5300108,-15.807198905944825,-47.86873168945313
376,71510,5300108,-15.728272220544648,-47.882792958042074
377,71515,5300108,-15.745205147625649,-47.84674965845395
378,71520,5300108,-15.740923508353855,-47.86784196936566
379,71525,5300108,-15.747645166185167,-47.85179318322076
380,71530,5300108,-15.759505489894321,-47.838681139264786
381,71535,5300108,-15.758946863810221,-47.83240865071615
382,71536,5300108,-15.801855506896972,-47.92329303741453
383,71538,5300108,-15.716611589704241,-47.89165496826172
384,71539,5300108,-15.72960065050823,-47.86396505774521
385,71540,5300108,-15.770884195963541,-47.81191060876331
386,71551,5300108,-15.73855407776371,-47.90178865002048
387,71555,5300108,-15.729068354556436,-47.95540257504113
388,71559,5300108,-15.835939407348633,-47.811532974243164
389,71560,5300108,-15.829819679260254,-47.9513053894043
390,71569,5300108,-15.75698471069336,-47.81071090698242
391,71570,5300108,-15.733633271182876,-47.9792737845915
392,71571,5300108,-15.753774278304157,-47.812369374667895
393,71572,5300108,-15.863659967075694,-47.85239387281013
394,71573,5300108,-15.888791479383196,-47.92017021179199
395,71574,5300108,-15.762086868286133,-47.745643615722656
396,71575,5300108,-15.8713067697019,-47.878600412485554
397,71576,5300108,-15.943169403076173,-48.003531036376955
398,71577,5300108,-15.885968617030553,-48.07515798296247
399,71585,5300108,-15.804430961608887,-47.77749061584473
400,71586,5300108,-15.792656135559081,-47.6882209777832
401,71587,5300108,-15.693670519282309,-47.87171873885591
402,71588,5300108,-15.725035633359637,-47.968451499938965
403,71589,5300108,-15.757472038269043,-47.746395111083984
404,71590,5300108,-15.739953059776157,-47.913563073850156
405,71591,5300108,-15.834949023481729,-47.89985076240871
406,71592,5300108,-15.843334331068881,-47.95101689183435
407,71593,5300108,-15.79091440153516,-48.071726491628624
408,71596,5300108,-15.686425229336352,-48.092472157579785
409,71600,5300108,-15.843372753688268,-47.91884871891566
410,71603,5300108,-15.799765586853027,-47.864471435546875
411,71604,5300108,-15.826690673828125,-47.92182159423828
412,71605,5300108,-15.846489529860648,-47.91215856451737
413,71606,5300108,-15.846626281738281,-47.893218994140625
414,71607,5300108,-15.871528625488281,-47.905290603637695
415,71608,5300108,-15.86994811466762,-47.916487557547434
416,71610,5300108,-15.854832722590519,-47.919840592604416
417,71615,5300108,-15.846463853662664,-47.90172836997292
418,71617,5300108,-15.933018684387207,-47.99065589904785
419,71620,5300108,-15.831226698557536,-47.89300422668457
420,71625,5300108,-15.835781938286237,-47.875608874905495
421,71630,5300108,-15.829200717381068,-47.869065856933595
422,71635,5300108,-15.845058269188053,-47.88907391907739
423,71640,5300108,-15.847210009892782,-47.873644987742104
424,71645,5300108,-15.863206559961492,-47.876697366887875
425,71650,5300108,-15.848147575671856,-47.85513467055101
426,71655,5300108,-15.856493992275661,-47.86401087443034
427,71660,5300108,-15.842785517374674,-47.84029204757125
428,71665,5300108,-15.824977973411823,-47.824362524624526
429,71670,5300108,-15.822752016895222,-47.81606595021374
430,71675,5300108,-15.828756960955532,-47.81523331728849
431,71676,5300108,-15.813633787220922,-47.829552354483766
432,71679,5300108,-15.867302894592285,-47.82141304016113
433,71680,5300108,-15.861313903142536,-47.82247449481298
434,71681,5300108,-15.794587702586734,-47.86613030269228
435,71683,5300108,-15.807648849487304,-47.80365982055664
436,71686,5300108,-15.876312035780687,-47.80824397160457
437,71687,5300108,-15.876351356506348,-48.02666091918945
438,71690,5300108,-15.904156684875488,-47.768333435058594
439,71691,5300108,-15.86821142019936,-47.84984828717408
440,71692,5300108,-15.88978185468507,-47.8133531774132
441,71693,5300108,-15.864378148033506,-47.890681548345654
442,71694,5300108,-15.895906925201416,-47.7934071035946
443,71695,5300108,-15.846115350723267,-47.85302856990269
444,71696,5300108,-15.84577694631392,-47.94285468132265
445,71697,5300108,-15.86383227146033,-47.909513993696734
446,71698,5300108,-15.868619402249655,-47.86011743545532
447,71699,5300108,-15.883336768430823,-47.83970193301932
448,71705,5300108,-15.838401812773485,-47.96305355658899
449,71707,5300108,-15.896891117095947,-48.028764724731445
450,71710,5300108,-15.871878187535172,-47.966173075013245
451,71715,5300108,-15.86901941895485,-47.96967190504075
452,71720,5300108,-15.866819858551025,-47.973857419244176
453,71725,5300108,-15.841411540382786,-47.94975416283859
454,71727,5300108,-15.854450492448704,-47.95310502411216
455,71730,5300108,-15.820540948347611,-47.96832396767356
456,71731,5300108,-15.840426949893727,-47.95884547514074
457,71732,5300108,-15.878186225891113,-47.99773025512695
458,71735,5300108,-15.851444511413574,-47.990613403320324
459,71736,5300108,-15.72602419699392,-48.07496975314233
460,71737,5300108,-15.773661613464355,-47.86006546020508
461,71738,5300108,-15.603011131286621,-47.654605865478516
462,71739,5300108,-15.857253074645996,-47.95956039428711
463,71740,5300108,-15.876801921475318,-47.97541870609407
464,71741,5300108,-15.891702704233666,-47.96905862468563
465,71742,5300108,-15.896968841552734,-47.93663787841797
466,71745,5300108,-15.889373383432064,-47.96025265387769
467,71746,5300108,-15.900864219665527,-47.978570556640626
468,71750,5300108,-15.853725910186768,-47.925218148664996
469,71751,5300108,-15.910653390382466,-47.93804911563271
470,71761,5300108,-15.944628124505702,-47.97847919732752
471,71805,5300108,-15.87566774232047,-48.00891472044445
472,71810,5300108,-15.88248872756958,-48.014455795288086
473,71820,5300108,-15.882053052462064,-48.016207064115086
474,71825,5300108,-15.889195592215891,-48.01423885045427
475,71827,5300108,-15.797090152524552,-48.00086392096753
476,71828,5300108,-15.885853260755539,-48.01345932483673
477,71829,5300108,-15.863078117370605,-47.958919525146484
478,71880,5300108,-15.91755424452222,-48.017727229220796
479,71881,5300108,-15.900837529343342,-48.032723053983226
480,71882,5300108,-15.908089901719775,-48.024222271782996
481,71884,5300108,-15.892610403207632,-47.991561868688564
482,71900,5300108,-15.836153984069824,-48.03358840942383
483,71901,5300108,-15.829933022007797,-48.01514561971029
484,71902,5300108,-15.829482793807983,-48.01386642456055
485,71903,5300108,-15.829313516616821,-48.01492404937744
486,71904,5300108,-15.830827522277833,-48.01720352172852
487,71905,5300108,-15.834312438964844,-48.023566246032715
488,71906,5300108,-15.866660594940186,-48.02769660949707
489,71907,5300108,-15.824210166931152,-48.0220521291097
490,71908,5300108,-15.785675048828125,-48.00029678344727
491,71909,5300108,-15.822182655334473,-48.02428181966146
492,71910,5300108,-15.846089744567871,-47.95454406738281
493,71915,5300108,-15.783620071411132,-48.024278259277345
494,71916,5300108,-15.840214490890503,-48.02726650238037
495,71917,5300108,-15.85212287902832,-47.97683334350586
496,71918,5300108,-15.837922096252441,-48.03532943725586
497,71919,5300108,-15.83376053401402,-48.037496839250835
498,71920,5300108,-15.829699198404947,-48.031989415486656
499,71921,5300108,-15.818430423736572,-47.982364654541016
500,71925,5300108,-15.843990325927734,-47.96561508178711
501,71926,5300108,-15.832363367080688,-47.99210834503174
502,71927,5300108,-15.84299545288086,-48.0303237915039
503,71928,5300108,-15.84484691619873,-48.03185195922852
504,71929,5300108,-15.839072799682617,-48.0352066040039
505,71930,5300108,-15.83764934539795,-48.03471565246582
506,71931,5300108,-15.836375617980957,-48.03936080932617
507,71936,5300108,-15.833891296386719,-48.024452209472656
508,71937,5300108,-15.842915916442871,-47.97081985473633
509,71938,5300108,-15.785460090637207,-48.00128936767578
510,71939,5300108,-15.855533218383789,-47.922891235351564
511,71940,5300108,-15.789916229248046,-47.97186965942383
512,71950,5300108,-15.839853668212891,-48.044915517171226
513,71951,5300108,-15.842819077627999,-48.04322324480329
514,71952,5300108,-15.871520400047302,-48.019723892211914
515,71953,5300108,-15.845941407339913,-48.04170880998884
516,71954,5300108,-15.884056091308594,-48.01467514038086
517,71955,5300108,-15.855079787118095,-48.037082127162385
518,71956,5300108,-15.855623245239258,-48.03686777750651
519,71957,5300108,-15.855060386657716,-48.036921691894534
520,71958,5300108,-15.85429801940918,-48.03599090576172
521,71959,5300108,-15.856214141845703,-48.03653335571289
522,71960,5300108,-15.85519905090332,-48.03590621948242
523,71961,5300108,-15.8549165725708,-48.03411293029785
524,71962,5300108,-15.823917579650878,-48.00090408325195
525,71963,5300108,-15.85515193939209,-48.03306350708008
526,71964,5300108,-15.85725440979004,-48.03489532470703
527,71965,5300108,-15.871051364474827,-48.02327982584635
528,71966,5300108,-15.870788867657001,-48.024147327129654
529,71967,5300108,-15.864133993784586,-48.02725919087728
530,71968,5300108,-15.854004542032877,-47.99866549173991
531,71969,5300108,-15.862648200988769,-48.02857894897461
532,71970,5300108,-15.861216386159262,-48.028971354166664
533,71971,5300108,-15.9004732131958,-48.01782302856445
534,71972,5300108,-15.855413436889648,-48.01100311279297
535,71973,5300108,-15.87388235727946,-48.020406087239586
536,71974,5300108,-15.862307667732239,-48.024909019470215
537,71975,5300108,-15.862088775634765,-48.023991394042966
538,71976,5300108,-15.86715082688765,-48.02334698763761
539,71977,5300108,-15.873051834106445,-48.022711181640624
540,71978,5300108,-15.867630958557129,-48.02184724807739
541,71979,5300108,-15.861063321431478,-48.03175767262777
542,71980,5300108,-15.868087577819825,-48.01836929321289
543,71981,5300108,-15.868594741821289,-48.01837387084961
544,71982,5300108,-15.87086650303432,-48.01709910801479
545,71985,5300108,-15.882912953694662,-48.06533559163412
546,71986,5300108,-15.88697509765625,-48.07847213745117
547,71987,5300108,-15.886218643188476,-48.07590255737305
548,71988,5300108,-15.888081550598145,-48.082715606689455
549,71989,5300108,-15.893272082010904,-48.099291483561196
550,71990,5300108,-15.857327270507813,-48.03939208984375
551,71991,5300108,-15.87713680267334,-47.99949722290039
552,71992,5300108,-15.826690673828125,-47.92182159423828
553,71993,5300108,-15.85368600992056,-48.016895382220945
554,71994,5300108,-15.857962090628488,-48.005462392171225
555,71995,5300108,-15.857388396363158,-48.01251410104179
556,71996,5300108,-15.849052296744453,-48.01422124438816
557,72001,5300108,-15.812510419247756,-48.0168599940058
558,72002,5300108,-15.807084242502848,-48.03008338732597
559,72003,5300108,-15.801186161276735,-48.02247619628906
560,72004,5300108,-15.772333971659343,-47.974395497639975
561,72005,5300108,-15.801023699343204,-48.01071411371231
562,72006,5300108,-15.79993478935885,-48.002925482140974
563,72007,5300108,-15.796690292607725,-48.03152996886009
564,72008,5300108,-15.856718063354492,-47.818092346191406
565,72010,5300108,-15.82634676586498,-48.02232976393265
566,72011,5300108,-15.832469940185547,-48.05270555284288
567,72015,5300108,-15.836732541708122,-48.051055621383775
568,72016,5300108,-15.838919778303666,-48.05027673894709
569,72017,5300108,-15.84713168511024,-48.06500772329477
570,72019,5300108,-15.83515739440918,-48.0578727722168
571,72020,5300108,-15.843701651926791,-48.04206063774195
572,72022,5300108,-15.835506439208984,-48.0459098815918
573,72023,5300108,-15.838840611775716,-48.03575032552083
574,72025,5300108,-15.854929521050252,-48.03762290847133
575,72030,5300108,-15.847682285308839,-48.037088775634764
576,72035,5300108,-15.87104696697659,-48.03412755330404
577,72110,5300108,-15.823409670875186,-48.05655149429563
578,72115,5300108,-15.822878335203443,-48.05610210554941
579,72116,5300108,-15.821179389953613,-48.06642150878906
580,72118,5300108,-15.801639556884766,-48.06583023071289
581,72120,5300108,-15.80874183361347,-48.06018289419321
582,72125,5300108,-15.813350833830286,-48.06515327828829
583,72127,5300108,-15.8072998046875,-47.98904876708984
584,72130,5300108,-15.807967233657838,-48.058124106270924
585,72135,5300108,-15.815665738335971,-48.01109406043743
586,72139,5300108,-15.801639556884766,-48.06583023071289
587,72140,5300108,-15.81246039867401,-48.07419829368591
588,72145,5300108,-15.795190852323024,-48.08451642921503
589,72146,5300108,-15.796434270924536,-48.10622327081089
590,72150,5300108,-15.824185294073981,-48.07413712922517
591,72151,5300108,-15.8258574462134,-48.084902140719834
592,72152,5300108,-15.815735678741897,-48.084782863008805
593,72153,5300108,-15.823829310280937,-48.04791096278599
594,72155,5300108,-15.826443090892973,-48.074629393078034
595,72156,5300108,-15.820405687604632,-48.07967313130697
596,72158,5300108,-15.742863552910942,-47.93200969696045
597,72160,5300108,-15.831345664130318,-48.08855205112033
598,72161,5300108,-15.822119256724482,-48.09142441680465
599,72162,5300108,-15.814789652824402,-48.09396505355835
600,72199,5300108,-15.76644515991211,-47.54608917236328
601,72210,5300108,-15.807500712076823,-48.106615627513214
602,72215,5300108,-15.825484525073659,-48.095874410687095
603,72220,5300108,-15.831220782660191,-48.106954462387996
604,72225,5300108,-15.813798179751949,-48.113367143430224
605,72227,5300108,-15.83351182937622,-48.14302730560303
606,72230,5300108,-15.833588039173799,-48.10662516425638
607,72231,5300108,-15.84111021368543,-48.11308088355303
608,72233,5300108,-15.848021067105806,-48.11292178814228
609,72235,5300108,-15.839782580207375,-48.12141714657055
610,72236,5300108,-15.84760163281415,-48.11845927195506
611,72237,5300108,-15.825488662719726,-48.08899396260579
612,72238,5300108,-15.854436286084063,-48.10261879958116
613,72240,5300108,-15.818755542530733,-48.12632158423672
614,72241,5300108,-15.811110930009322,-48.1308926402272
615,72242,5300108,-15.80841781876304,-48.140836629000574
616,72243,5300108,-15.852426645030146,-48.001541734778364
617,72246,5300108,-15.824890379178322,-48.095764224812136
618,72250,5300108,-15.794782762403612,-48.121042127733105
619,72251,5300108,-15.790709824397647,-48.120782391778356
620,72252,5300108,-15.801492512226105,-48.109206199645996
621,72255,5300108,-15.798767979939779,-48.120944286528086
622,72260,5300108,-15.79960519472758,-48.13561690648397
623,72261,5300108,-15.79123627313293,-48.139092662546915
624,72262,5300108,-15.795988082885742,-48.1330935160319
625,72265,5300108,-15.813944897753126,-48.049241492088804
626,72268,5300108,-15.782768249511719,-48.138343811035156
627,72270,5300108,-15.807188367380679,-48.137362804227664
628,72275,5300108,-15.80468944736294,-48.153150091638096
629,72276,5300108,-15.842597007751465,-48.101030349731445
630,72280,5300108,-15.942281296378688,-47.93296307011654
631,72299,5300108,-15.766549110412598,-48.137611389160156
632,72300,5300108,-15.887040615081787,-47.89776484171549
633,72301,5300108,-15.885276007652283,-48.10269832611082
634,72302,5300108,-15.870885411175815,-48.068108142505984
635,72303,5300108,-15.892185493254326,-48.11979476498886
636,72304,5300108,-15.869383368381234,-48.05883074915686
637,72305,5300108,-15.886929465340568,-48.09548742120918
638,72306,5300108,-15.880733714784895,-48.075596318926124
639,72307,5300108,-15.892208044345562,-48.1053624519935
640,72308,5300108,-15.876544859351181,-48.065217863253444
641,72309,5300108,-15.895378898171817,-48.11933962504067
642,72310,5300108,-15.879045635250444,-48.068104980685185
643,72311,5300108,-15.889217520118656,-48.09602743163145
644,72312,5300108,-15.880155723785686,-48.067235429710315
645,72313,5300108,-15.88747835941002,-48.09409488615444
646,72314,5300108,-15.884024850945723,-48.063598994204874
647,72315,5300108,-15.889488703087915,-48.10081469861768
648,72316,5300108,-15.869341727741604,-48.065224631538605
649,72317,5300108,-16.02397150807566,-48.13530106977983
650,72318,5300108,-15.867450952529907,-48.08625699996947
651,72319,5300108,-15.870593750398923,-48.09710005217909
652,72320,5300108,-15.863867159242984,-48.06947413449565
653,72321,5300108,-15.877515903189163,-48.107700190268275
654,72322,5300108,-15.857145661893098,-48.082331284232744
655,72323,5300108,-15.881453972236782,-48.11395465626436
656,72325,5300108,-15.885047331788487,-48.12246093176361
657,72327,5300108,-15.88875569968388,-48.131809716937184
658,72329,5300108,-15.893197555541992,-48.1427653503418
659,72331,5300108,-15.869925821427818,-48.103893911238195
660,72333,5300108,-15.87934887662847,-48.12250283423892
661,72335,5300108,-15.889976156518815,-48.14550351082011
662,72338,5300108,-15.859747449556986,-48.078719774881996
663,72339,5300108,-15.874119977338598,-48.102099742364445
664,72341,5300108,-15.886544908796038,-48.05283062798636
665,72343,5300108,-15.871860292222765,-48.07626444498698
666,72345,5300108,-15.876314683393998,-48.06940624930642
667,72399,5300108,-15.850003242492676,-48.05649185180664
668,72404,5300108,-15.827535915374757,-47.93898735046387
669,72405,5300108,-15.871167599713361,-47.98021073517977
670,72410,5300108,-15.100513538756928,-48.91086063137301
671,72415,5300108,-15.288930843616354,-48.59415550889641
672,72420,5300108,-15.894034105188707,-47.99612394701533
673,72425,5300108,-15.901141946965998,-47.99284033341843
674,72426,5300108,-15.75170714297193,-48.26999648073886
675,72427,5300108,-15.977516174316406,-48.05133819580078
676,72428,5300108,-15.965852921882284,-48.101963749638315
677,72429,5300108,-15.961709132561317,-48.029239654541016
678,72430,5300108,-13.254604406135027,-51.512934307719384
679,72433,5300108,-15.887042140960693,-47.944401550292966
680,72440,5300108,-16.019411510891384,-48.00996949937608
681,72444,5300108,-15.913552954390243,-48.01194809578561
682,72445,5300108,-15.825848579406738,-47.97620703957298
683,72450,5300108,-15.888845898554875,-47.977108236459586
684,72455,5300108,-16.017317295074463,-48.03314208984375
685,72457,5300108,-17.343664741516115,-47.18668823242187
686,72460,5300108,-15.94920794169108,-47.9893864414148
687,72465,5300108,-15.967984040578207,-48.03102442423503
688,72490,5300108,-15.97606635093689,-48.009714126586914
689,72491,5300108,-16.028407183560457,-48.031832261519
690,72492,5300108,-15.928803852626256,-48.03159141540527
691,72499,5300108,-15.76644515991211,-47.54608917236328
692,72500,5300108,-16.03196442568743,-48.022270202636726
693,72501,5300108,-15.972364793744003,-47.99956418756853
694,72502,5300108,-16.01147123129971,-48.01521705719362
695,72503,5300108,-16.006511312849984,-48.02031906614911
696,72504,5300108,-15.990777651468912,-48.0157155442512
697,72505,5300108,-15.992047866185507,-48.02520253923204
698,72506,5300108,-15.98545840382576,-48.009273052215576
699,72507,5300108,-15.980256274126578,-48.008534085923344
700,72508,5300108,-15.957590047050925,-47.9951374577541
701,72509,5300108,-15.982486089070639,-48.00579630533854
702,72510,5300108,-15.98478976773544,-48.0040852184027
703,72511,5300108,-15.98751619883946,-48.00813211713518
704,72535,5300108,-16.001670413547096,-48.00654856363932
705,72536,5300108,-16.013548109266495,-48.0103715967249
706,72537,5300108,-16.014154297964915,-48.00782666887556
707,72542,5300108,-15.990549392170376,-48.006291654374856
708,72543,5300108,-15.983647709801083,-48.00117516896082
709,72544,5300108,-15.994953863082394,-47.99444629300025
710,72545,5300108,-15.971481800079346,-47.99791648652818
711,72546,5300108,-15.98433361967949,-47.98717605904357
712,72547,5300108,-15.973992788303665,-47.971701638740406
713,72548,5300108,-15.989065730893934,-47.98404964240821
714,72549,5300108,-16.642243844917008,-47.47645141417721
715,72550,5300108,-15.921342667411356,-48.02754783630371
716,72551,5300108,-15.81033605337143,-48.00953137874603
717,72578,5300108,-15.809273619400827,-47.981920292502956
718,72579,5300108,-15.781020800272623,-47.90823543218918
719,72580,5300108,-15.966109275817871,-47.97004222869873
720,72581,5300108,-15.786826392351571,-47.986225128173835
721,72583,5300108,-15.965572611490886,-47.97816594441732
722,72584,5300108,-15.92597516377767,-47.98498747083876
723,72587,5300108,-15.775506065005349,-47.84024265834263
724,72590,5300108,-15.997485160827637,-47.99919891357422
725,72592,5300108,-15.990667052890943,-47.99730151632558
726,72593,5300108,-15.967591567915314,-47.98481590893804
727,72594,5300108,-14.887157362334582,-49.509297040044046
728,72595,5300108,-15.948214054107666,-47.82269859313965
729,72596,5300108,-16.153386439917224,-47.958073885935654
730,72599,5300108,-15.76644515991211,-47.54608917236328
731,72600,5300108,-15.876106190080403,-47.855648553671955
732,72601,5300108,-15.846570528470552,-48.036752495398886
733,72602,5300108,-15.85009089993759,-47.99523952645317
734,72603,5300108,-15.918830850389268,-47.980294121636284
735,72610,5300108,-15.893779962203082,-47.89448311749626
736,72620,5300108,-15.904110508305687,-47.982278483254554
737,72621,5300108,-15.905404260423449,-47.88727145724826
738,72622,5300108,-15.872245403046303,-48.0451988869525
739,72625,5300108,-15.881128191947937,-48.066298961639404
740,72630,5300108,-15.890080331598671,-48.02777558854483
741,72631,5300108,-15.867465192621404,-48.00490604747426
742,72640,5300108,-15.900363726493639,-48.03945926111987
743,72641,5300108,-15.914660434333646,-48.060262641128226
744,72649,5300108,-15.918261845906576,-48.04961395263672
745,72650,5300108,-15.917288025220236,-48.04683809810214
746,72660,5300108,-15.930713497675383,-48.10090318092933
747,72667,5300108,-15.889976024627686,-47.992576599121094
748,72668,5300108,-16.31869648348901,-48.112447184901086
749,72669,5300108,-15.898848192407451,-48.0315599004063
750,72699,5300108,-15.965153694152832,-48.103904724121094
751,72701,5300108,-15.765537071228028,-48.13187866210937
752,72705,5300108,-15.737998549617938,-48.02017382721404
753,72710,5300108,-15.800512144837198,-47.980129773103734
754,72715,5300108,-15.760536114374796,-48.05225348472595
755,72720,5300108,-15.840778025713833,-47.96120158108798
756,72725,5300108,-15.709934404451554,-48.05794237737786
757,72726,5300108,-15.668941005583733,-48.068902169504476
758,72733,5300108,-15.713639756907588,-48.12952025040336
759,72734,5300108,-15.710306644439697,-48.07747592926025
760,72735,5300108,-15.923960979168232,-48.072907374455376
761,72736,5300108,-15.905258279097708,-47.78440856933594
762,72737,5300108,-15.871610077944668,-48.079248601740055
763,72738,5300108,-15.720728472659463,-48.08889971281353
764,72744,5300108,-15.897908866405487,-47.99824285507202
765,72745,5300108,-15.727287948131561,-48.1690719127655
766,72746,5300108,-15.669687112172445,-48.16783777872721
767,72747,5300108,-15.798889420249246,-48.09630931507457
768,72748,5300108,-15.960287602742513,-48.00755106608073
769,72754,5300108,-15.81729238173541,-47.99509115780101
770,72755,5300108,-15.731787810454497,-48.11101160822688
771,72760,5300108,-15.800755779917647,-48.00222741103754
772,72770,5300108,-15.701016743977865,-47.98396301269531
773,72771,5300108,-15.712947438557944,-48.1745960998535
774,72772,5300108,-15.713959693908691,-48.148529052734375
775,72773,5300108,-15.748920440673828,-48.11505126953125
776,72799,5300108,-15.794228553771973,-47.882164001464844
777,73005,5300108,-15.753641715416542,-47.87406848027156
778,73006,5300108,-15.70243040231558,-47.840559563269984
779,73007,5300108,-15.645587348937989,-47.81093521118164
780,73010,5300108,-15.692551136016846,-47.81929471415858
781,73011,5300108,-15.74415288148103,-47.88867653740777
782,73015,5300108,-15.676930457923063,-48.089500986087096
783,73016,5300108,-15.787194178654598,-47.89389023414025
784,73017,5300108,-15.70700486501058,-47.769151263766815
785,73020,5300108,-15.722845106858474,-47.92129557682918
786,73021,5300108,-15.755954933166503,-47.89008509318034
787,73025,5300108,-15.70398203531901,-47.97638408954327
788,73026,5300108,-15.710847343717303,-47.84113434382847
789,73030,5300108,-15.681188901265463,-47.96616299947103
790,73031,5300108,-15.751591091424647,-47.90077091270769
791,73035,5300108,-15.74945292265519,-47.88814146622367
792,73036,5300108,-15.710693778413715,-47.85071771795099
793,73040,5300108,-15.77276865641276,-47.91202556725705
794,73041,5300108,-15.71753602150159,-47.85857137044271
795,73045,5300108,-15.751509189605713,-47.88378119468689
796,73046,5300108,-15.705292297132088,-47.806638313062265
797,73050,5300108,-15.777152044731274,-47.910787047001335
798,73051,5300108,-15.789543129148937,-47.894278026762464
799,73053,5300108,-15.690098762512207,-47.86310958862305
800,73060,5300108,-15.674624880154928,-47.854174031151665
801,73061,5300108,-15.723780892112039,-48.03983497619629
802,73062,5300108,-15.653221698517495,-47.82841878579864
803,73063,5300108,-15.643914589515099,-47.81700897216797
804,73064,5300108,-15.646075508811258,-47.815209822221235
805,73065,5300108,-15.65297713646522,-47.82179098862868
806,73070,5300108,-15.89371406822874,-47.9354312963653
807,73080,5300108,-15.637057065963745,-47.820850451787315
808,73081,5300108,-15.64531161738377,-47.83638239841835
809,73082,5300108,-15.633519013722738,-47.82795333862305
810,73083,5300108,-15.73455494328549,-47.878355059707374
811,73084,5300108,-15.803824016026088,-47.96270397731236
812,73086,5300108,-15.767578418438251,-47.946657987741325
813,73088,5300108,-15.739333629608154,-47.8768310546875
814,73090,5300108,-15.682702216235073,-47.852852214466445
815,73091,5300108,-15.690098762512207,-47.86310958862305
816,73092,5300108,-15.664032173156738,-47.83847452799479
817,73093,5300108,-15.637619972229004,-47.850040435791016
818,73100,5300108,-15.751090261671278,-47.95453781551785
819,73105,5300108,-15.694703909067007,-47.853051112248345
820,73130,5300108,-15.690098762512207,-47.86310958862305
821,73131,5300108,-15.690098762512207,-47.86310958862305
822,73150,5300108,-16.60343995094299,-47.93308925628662
823,73151,5300108,-15.59192419052124,-47.885732650756836
824,73250,5300108,-15.778055191040039,-47.8308801651001
825,73251,5300108,-15.685874394008092,-47.85090037754604
826,73252,5300108,-15.709695611681257,-48.09091527121408
827,73255,5300108,-15.757631659507751,-47.77082824707031
828,73270,5300108,-15.660315001638311,-47.76773930599815
829,73271,5300108,-15.67995023727417,-47.81774044036865
830,73272,5300108,-15.69877004623413,-47.72951889038086
831,73299,5300108,-15.757472038269043,-47.746395111083984
832,73307,5300108,-15.63522450129191,-47.73258717854818
833,73310,5300108,-15.724712286422502,-47.83728238006136
834,73320,5300108,-15.783513969845242,-47.95984776814779
835,73330,5300108,-15.657776832580566,-47.20792574842437
836,73340,5300108,-15.70437214812454,-47.93475729105425
837,73342,5300108,-15.806965827941895,-47.90487289428711
838,73343,5300108,-15.804909272627397,-47.93839969057025
839,73345,5300108,-15.60081672668457,-47.65821075439453
840,73350,5300108,-15.746756123333443,-47.985851287841804
841,73355,5300108,-15.784002730720921,-47.84234950416967
842,73356,5300108,-15.681456184387207,-47.812922922770184
843,73357,5300108,-15.968177458819222,-48.062295352711395
844,73358,5300108,-15.87061173948523,-47.90322745336246
845,73360,5300108,-15.71283476492938,-47.96741356569178
846,73365,5300108,-15.82290595264758,-47.92118521868172
847,73366,5300108,-15.769932229640121,-47.8967779127218
848,73367,5300108,-15.74016085537997,-47.82838994806463
849,73368,5300108,-15.753944139702375,-47.87952875536541
850,73369,5300108,-15.741288415847286,-47.8622477746779
851,73370,5300108,-15.812137027778247,-47.96515413794187
852,73375,5300108,-15.759267234802246,-47.89193547566732
853,73376,5300108,-15.765203696030836,-47.84744849571815
854,73377,5300108,-15.69822915395101,-47.77612431844076
855,73380,5300108,-15.618128256364303,-47.69465533169833
856,73381,5300108,-15.821423808733622,-48.006579081217446
857,73389,5300108,-15.678118387858072,-47.665604485405815
858,73390,5300108,-15.78091303507487,-47.61340459187826
859,73391,5300108,-15.727605283260345,-47.83203681310018
860,73401,5300108,-15.68461793752817,-47.821565481332634
861,73402,5300108,-15.718281989194908,-47.858586136175674
862,73403,5300108,-15.693275077922925,-47.77218272234943
863,73499,5300108,-15.76644515991211,-47.54608917236328
